/Users/hyadava/git/udacity/project3/submission/IMG/center_2017_01_31_21_46_06_022.jpg,,,0,0,0,0.0009898392
/Users/hyadava/git/udacity/project3/submission/IMG/center_2017_01_31_21_46_06_095.jpg,,,0,0,0,0.0009957477
/Users/hyadava/git/udacity/project3/submission/IMG/center_2017_01_31_21_46_06_167.jpg,,,0,0,0,0.0009803412
/Users/hyadava/git/udacity/project3/submission/IMG/center_2017_01_31_21_46_06_241.jpg,,,0,0,0,0.00144857
/Users/hyadava/git/udacity/project3/submission/IMG/center_2017_01_31_21_46_06_310.jpg,,,0,0,0,0.001453406
/Users/hyadava/git/udacity/project3/submission/IMG/center_2017_01_31_21_46_06_383.jpg,,,0,0,0,0.001199956
/Users/hyadava/git/udacity/project3/submission/IMG/center_2017_01_31_21_46_06_456.jpg,,,0,0,0,0.001016388
/Users/hyadava/git/udacity/project3/submission/IMG/center_2017_01_31_21_46_06_529.jpg,,,0,0,0,0.001004536
/Users/hyadava/git/udacity/project3/submission/IMG/center_2017_01_31_21_46_06_602.jpg,,,0,0,0,0.001012581
/Users/hyadava/git/udacity/project3/submission/IMG/center_2017_01_31_21_46_06_670.jpg,,,0,0,0,0.001068759
/Users/hyadava/git/udacity/project3/submission/IMG/center_2017_01_31_21_46_06_764.jpg,,,0,0,0,0.0009491011
/Users/hyadava/git/udacity/project3/submission/IMG/center_2017_01_31_21_46_06_834.jpg,,,0,0,0,0.001129739
/Users/hyadava/git/udacity/project3/submission/IMG/center_2017_01_31_21_46_06_907.jpg,,,0,0,0,0.0009392377
/Users/hyadava/git/udacity/project3/submission/IMG/center_2017_01_31_21_46_06_981.jpg,,,0,0,0,0.001169675
/Users/hyadava/git/udacity/project3/submission/IMG/center_2017_01_31_21_46_07_055.jpg,,,0,0,0,0.002143411
/Users/hyadava/git/udacity/project3/submission/IMG/center_2017_01_31_21_46_07_124.jpg,,,0,0,0,0.001016142
/Users/hyadava/git/udacity/project3/submission/IMG/center_2017_01_31_21_46_07_207.jpg,,,0,0,0,0.001181672
/Users/hyadava/git/udacity/project3/submission/IMG/center_2017_01_31_21_46_07_276.jpg,,,0,0,0,0.0009407357
/Users/hyadava/git/udacity/project3/submission/IMG/center_2017_01_31_21_46_07_345.jpg,,,0,0,0,0.001121868
/Users/hyadava/git/udacity/project3/submission/IMG/center_2017_01_31_21_46_07_416.jpg,,,0,0,0,0.002138237
/Users/hyadava/git/udacity/project3/submission/IMG/center_2017_01_31_21_46_07_489.jpg,,,0,0,0,0.001044899
/Users/hyadava/git/udacity/project3/submission/IMG/center_2017_01_31_21_46_07_559.jpg,,,0,0,0,0.001185997
/Users/hyadava/git/udacity/project3/submission/IMG/center_2017_01_31_21_46_07_629.jpg,,,0,0,0,0.001112404
/Users/hyadava/git/udacity/project3/submission/IMG/center_2017_01_31_21_46_07_700.jpg,,,0,0,0,0.001011763
/Users/hyadava/git/udacity/project3/submission/IMG/center_2017_01_31_21_46_07_772.jpg,,,0,0,0,0.001142997
/Users/hyadava/git/udacity/project3/submission/IMG/center_2017_01_31_21_46_07_841.jpg,,,0,0,0,0.0009426661
/Users/hyadava/git/udacity/project3/submission/IMG/center_2017_01_31_21_46_07_915.jpg,,,0,0,0,0.001154121
/Users/hyadava/git/udacity/project3/submission/IMG/center_2017_01_31_21_46_07_989.jpg,,,0,0,0,0.001085688
/Users/hyadava/git/udacity/project3/submission/IMG/center_2017_01_31_21_46_08_058.jpg,,,0,0,0,0.001030977
/Users/hyadava/git/udacity/project3/submission/IMG/center_2017_01_31_21_46_08_125.jpg,,,0,0,0,0.001194571
/Users/hyadava/git/udacity/project3/submission/IMG/center_2017_01_31_21_46_08_192.jpg,,,0,0,0,0.0009332254
/Users/hyadava/git/udacity/project3/submission/IMG/center_2017_01_31_21_46_08_265.jpg,,,0,0,0,0.001112193
/Users/hyadava/git/udacity/project3/submission/IMG/center_2017_01_31_21_46_08_340.jpg,,,0,0,0,0.002125352
/Users/hyadava/git/udacity/project3/submission/IMG/center_2017_01_31_21_46_08_413.jpg,,,0,0,0,0.001055085
/Users/hyadava/git/udacity/project3/submission/IMG/center_2017_01_31_21_46_08_482.jpg,,,0,0,0,0.001142938
/Users/hyadava/git/udacity/project3/submission/IMG/center_2017_01_31_21_46_08_556.jpg,,,0,0,0,0.0009403893
/Users/hyadava/git/udacity/project3/submission/IMG/center_2017_01_31_21_46_08_631.jpg,,,0,0,0,0.001202304
/Users/hyadava/git/udacity/project3/submission/IMG/center_2017_01_31_21_46_08_704.jpg,,,0,0,0,0.002140459
/Users/hyadava/git/udacity/project3/submission/IMG/center_2017_01_31_21_46_08_774.jpg,,,0,0,0,0.001056483
/Users/hyadava/git/udacity/project3/submission/IMG/center_2017_01_31_21_46_08_856.jpg,,,0,0,0,0.002101314
/Users/hyadava/git/udacity/project3/submission/IMG/center_2017_01_31_21_46_08_928.jpg,,,0,0,0,0.001082799
/Users/hyadava/git/udacity/project3/submission/IMG/center_2017_01_31_21_46_08_996.jpg,,,0,0,0,0.001200177
/Users/hyadava/git/udacity/project3/submission/IMG/center_2017_01_31_21_46_09_064.jpg,,,0,0,0,0.000952289
/Users/hyadava/git/udacity/project3/submission/IMG/center_2017_01_31_21_46_09_131.jpg,,,0,0,0,0.001268684
/Users/hyadava/git/udacity/project3/submission/IMG/center_2017_01_31_21_46_09_198.jpg,,,0,0,0,0.001058431
/Users/hyadava/git/udacity/project3/submission/IMG/center_2017_01_31_21_46_09_272.jpg,,,0,0,0,0.001150048
/Users/hyadava/git/udacity/project3/submission/IMG/center_2017_01_31_21_46_09_346.jpg,,,0,0,0,0.001033644
/Users/hyadava/git/udacity/project3/submission/IMG/center_2017_01_31_21_46_09_428.jpg,,,0,0,0,0.001217812
/Users/hyadava/git/udacity/project3/submission/IMG/center_2017_01_31_21_46_09_499.jpg,,,0,0,0,0.0009829367
/Users/hyadava/git/udacity/project3/submission/IMG/center_2017_01_31_21_46_09_567.jpg,,,0,0,0,0.001211342
/Users/hyadava/git/udacity/project3/submission/IMG/center_2017_01_31_21_46_09_641.jpg,,,0,0,0,0.001228766
/Users/hyadava/git/udacity/project3/submission/IMG/center_2017_01_31_21_46_09_725.jpg,,,0,0,0,0.001025161
/Users/hyadava/git/udacity/project3/submission/IMG/center_2017_01_31_21_46_09_795.jpg,,,0,0,0,0.0009763867
/Users/hyadava/git/udacity/project3/submission/IMG/center_2017_01_31_21_46_09_868.jpg,,,0,0,0,0.002824164
/Users/hyadava/git/udacity/project3/submission/IMG/center_2017_01_31_21_46_09_938.jpg,,,0,0,0,0.0009361901
/Users/hyadava/git/udacity/project3/submission/IMG/center_2017_01_31_21_46_10_008.jpg,,,0,0,0,0.001353951
/Users/hyadava/git/udacity/project3/submission/IMG/center_2017_01_31_21_46_10_077.jpg,,,0,0,0,0.001248659
/Users/hyadava/git/udacity/project3/submission/IMG/center_2017_01_31_21_46_10_147.jpg,,,0,0,0,0.001082128
/Users/hyadava/git/udacity/project3/submission/IMG/center_2017_01_31_21_46_10_219.jpg,,,0,0,0,0.001226404
/Users/hyadava/git/udacity/project3/submission/IMG/center_2017_01_31_21_46_10_293.jpg,,,0,0,0,0.0009852661
/Users/hyadava/git/udacity/project3/submission/IMG/center_2017_01_31_21_46_10_363.jpg,,,0,0,0,0.001082739
/Users/hyadava/git/udacity/project3/submission/IMG/center_2017_01_31_21_46_10_436.jpg,,,0,0,0,0.000961562
/Users/hyadava/git/udacity/project3/submission/IMG/center_2017_01_31_21_46_10_503.jpg,,,0,0,0,0.001074195
/Users/hyadava/git/udacity/project3/submission/IMG/center_2017_01_31_21_46_10_573.jpg,,,0,0,0,0.002149565
/Users/hyadava/git/udacity/project3/submission/IMG/center_2017_01_31_21_46_10_641.jpg,,,0,0,0,0.0009885418
/Users/hyadava/git/udacity/project3/submission/IMG/center_2017_01_31_21_46_10_716.jpg,,,0,0,0,0.001169232
/Users/hyadava/git/udacity/project3/submission/IMG/center_2017_01_31_21_46_10_783.jpg,,,0,0,0,0.001128243
/Users/hyadava/git/udacity/project3/submission/IMG/center_2017_01_31_21_46_10_851.jpg,,,0,0,0,0.001027972
/Users/hyadava/git/udacity/project3/submission/IMG/center_2017_01_31_21_46_10_920.jpg,,,0,0,0,0.0009935396
/Users/hyadava/git/udacity/project3/submission/IMG/center_2017_01_31_21_46_10_989.jpg,,,0,0,0,0.001111089
/Users/hyadava/git/udacity/project3/submission/IMG/center_2017_01_31_21_46_11_057.jpg,,,0,0,0,0.001145597
/Users/hyadava/git/udacity/project3/submission/IMG/center_2017_01_31_21_46_11_131.jpg,,,0,0,0,0.00128569
/Users/hyadava/git/udacity/project3/submission/IMG/center_2017_01_31_21_46_11_204.jpg,,,0,0,0,0.001140269
/Users/hyadava/git/udacity/project3/submission/IMG/center_2017_01_31_21_46_11_278.jpg,,,0,0,0,0.001001493
/Users/hyadava/git/udacity/project3/submission/IMG/center_2017_01_31_21_46_11_351.jpg,,,0,0,0,0.001004452
/Users/hyadava/git/udacity/project3/submission/IMG/center_2017_01_31_21_46_11_423.jpg,,,0,0,0,0.001163427
/Users/hyadava/git/udacity/project3/submission/IMG/center_2017_01_31_21_46_11_493.jpg,,,0,0,0,0.001190398
/Users/hyadava/git/udacity/project3/submission/IMG/center_2017_01_31_21_46_11_561.jpg,,,0,0,0,0.0009656893
/Users/hyadava/git/udacity/project3/submission/IMG/center_2017_01_31_21_46_11_636.jpg,,,0,0,0,0.001368841
/Users/hyadava/git/udacity/project3/submission/IMG/center_2017_01_31_21_46_11_709.jpg,,,0,0,0,0.001236927
/Users/hyadava/git/udacity/project3/submission/IMG/center_2017_01_31_21_46_11_777.jpg,,,0,0,0,0.001047271
/Users/hyadava/git/udacity/project3/submission/IMG/center_2017_01_31_21_46_11_844.jpg,,,0,0,0,0.0009884376
/Users/hyadava/git/udacity/project3/submission/IMG/center_2017_01_31_21_46_11_918.jpg,,,0,0,0,0.001035424
/Users/hyadava/git/udacity/project3/submission/IMG/center_2017_01_31_21_46_11_993.jpg,,,0,0,0,0.001023913
/Users/hyadava/git/udacity/project3/submission/IMG/center_2017_01_31_21_46_12_068.jpg,,,0,0,0,0.00222401
/Users/hyadava/git/udacity/project3/submission/IMG/center_2017_01_31_21_46_12_144.jpg,,,0,0,0,0.0009479545
/Users/hyadava/git/udacity/project3/submission/IMG/center_2017_01_31_21_46_12_215.jpg,,,0,0,0,0.00122173
/Users/hyadava/git/udacity/project3/submission/IMG/center_2017_01_31_21_46_12_297.jpg,,,0,0,0,0.0009479588
/Users/hyadava/git/udacity/project3/submission/IMG/center_2017_01_31_21_46_12_368.jpg,,,0,0,0,0.0009271032
/Users/hyadava/git/udacity/project3/submission/IMG/center_2017_01_31_21_46_12_441.jpg,,,0,0,0,0.001836774
/Users/hyadava/git/udacity/project3/submission/IMG/center_2017_01_31_21_46_12_513.jpg,,,0,0,0,0.001021969
/Users/hyadava/git/udacity/project3/submission/IMG/center_2017_01_31_21_46_12_585.jpg,,,0,0,0,0.001673293
/Users/hyadava/git/udacity/project3/submission/IMG/center_2017_01_31_21_46_12_658.jpg,,,0,0,0,0.001605383
/Users/hyadava/git/udacity/project3/submission/IMG/center_2017_01_31_21_46_12_737.jpg,,,0,0,0,0.00125041
/Users/hyadava/git/udacity/project3/submission/IMG/center_2017_01_31_21_46_12_807.jpg,,,0,0,0,0.001011593
/Users/hyadava/git/udacity/project3/submission/IMG/center_2017_01_31_21_46_12_874.jpg,,,0,0,0,0.0009710824
/Users/hyadava/git/udacity/project3/submission/IMG/center_2017_01_31_21_46_12_955.jpg,,,0,0,0,0.000932887
/Users/hyadava/git/udacity/project3/submission/IMG/center_2017_01_31_21_46_13_027.jpg,,,0,0,0,0.0009460681
/Users/hyadava/git/udacity/project3/submission/IMG/center_2017_01_31_21_46_13_096.jpg,,,0,0,0,0.003512822
/Users/hyadava/git/udacity/project3/submission/IMG/center_2017_01_31_21_46_13_171.jpg,,,0,0,0,0.001171039
/Users/hyadava/git/udacity/project3/submission/IMG/center_2017_01_31_21_46_13_251.jpg,,,0,0,0,0.001449819
/Users/hyadava/git/udacity/project3/submission/IMG/center_2017_01_31_21_46_13_322.jpg,,,0,0,0,0.001625189
/Users/hyadava/git/udacity/project3/submission/IMG/center_2017_01_31_21_46_13_404.jpg,,,0,0,0,0.001341605
/Users/hyadava/git/udacity/project3/submission/IMG/center_2017_01_31_21_46_13_477.jpg,,,0,0,0,0.002220008
/Users/hyadava/git/udacity/project3/submission/IMG/center_2017_01_31_21_46_13_543.jpg,,,0,0,0,0.0009307615
/Users/hyadava/git/udacity/project3/submission/IMG/center_2017_01_31_21_46_13_612.jpg,,,0,0,0,0.001093756
/Users/hyadava/git/udacity/project3/submission/IMG/center_2017_01_31_21_46_13_679.jpg,,,0,0,0,0.001104502
/Users/hyadava/git/udacity/project3/submission/IMG/center_2017_01_31_21_46_13_749.jpg,,,0,0,0,0.001084363
/Users/hyadava/git/udacity/project3/submission/IMG/center_2017_01_31_21_46_13_820.jpg,,,0,0,0,0.001112371
/Users/hyadava/git/udacity/project3/submission/IMG/center_2017_01_31_21_46_13_887.jpg,,,0,0,0,0.00113168
/Users/hyadava/git/udacity/project3/submission/IMG/center_2017_01_31_21_46_13_972.jpg,,,0,0,0,0.001074272
/Users/hyadava/git/udacity/project3/submission/IMG/center_2017_01_31_21_46_14_049.jpg,,,0,0,0,0.001089091
/Users/hyadava/git/udacity/project3/submission/IMG/center_2017_01_31_21_46_14_127.jpg,,,0,0,0,0.0009737173
/Users/hyadava/git/udacity/project3/submission/IMG/center_2017_01_31_21_46_14_195.jpg,,,0,0,0,0.001115669
/Users/hyadava/git/udacity/project3/submission/IMG/center_2017_01_31_21_46_14_263.jpg,,,0,0,0,0.002167139
/Users/hyadava/git/udacity/project3/submission/IMG/center_2017_01_31_21_46_14_334.jpg,,,0,0,0,0.001062811
/Users/hyadava/git/udacity/project3/submission/IMG/center_2017_01_31_21_46_14_404.jpg,,,0,0,0,0.00116286
/Users/hyadava/git/udacity/project3/submission/IMG/center_2017_01_31_21_46_14_477.jpg,,,0,0,0,0.001007715
/Users/hyadava/git/udacity/project3/submission/IMG/center_2017_01_31_21_46_14_550.jpg,,,0,0,0,0.001234491
/Users/hyadava/git/udacity/project3/submission/IMG/center_2017_01_31_21_46_14_620.jpg,,,0,0,0,0.0009408856
/Users/hyadava/git/udacity/project3/submission/IMG/center_2017_01_31_21_46_14_695.jpg,,,0,0,0,0.001175377
/Users/hyadava/git/udacity/project3/submission/IMG/center_2017_01_31_21_46_14_769.jpg,,,0,0,0,0.001116379
/Users/hyadava/git/udacity/project3/submission/IMG/center_2017_01_31_21_46_14_841.jpg,,,0,0,0,0.001055594
/Users/hyadava/git/udacity/project3/submission/IMG/center_2017_01_31_21_46_14_915.jpg,,,0,0,0,0.000964009
/Users/hyadava/git/udacity/project3/submission/IMG/center_2017_01_31_21_46_14_988.jpg,,,0,0,0,0.001033379
/Users/hyadava/git/udacity/project3/submission/IMG/center_2017_01_31_21_46_15_059.jpg,,,0,0,0,0.001000094
/Users/hyadava/git/udacity/project3/submission/IMG/center_2017_01_31_21_46_15_126.jpg,,,0,0,0,0.001111262
/Users/hyadava/git/udacity/project3/submission/IMG/center_2017_01_31_21_46_15_194.jpg,,,0,0,0,0.002600218
/Users/hyadava/git/udacity/project3/submission/IMG/center_2017_01_31_21_46_15_266.jpg,,,0,0,0,0.001036504
/Users/hyadava/git/udacity/project3/submission/IMG/center_2017_01_31_21_46_15_333.jpg,,,0,0,0,0.001003484
/Users/hyadava/git/udacity/project3/submission/IMG/center_2017_01_31_21_46_15_409.jpg,,,0,0,0,0.001416138
/Users/hyadava/git/udacity/project3/submission/IMG/center_2017_01_31_21_46_15_477.jpg,,,0,0,0,0.001430231
/Users/hyadava/git/udacity/project3/submission/IMG/center_2017_01_31_21_46_15_553.jpg,,,0,0,0,0.001130883
/Users/hyadava/git/udacity/project3/submission/IMG/center_2017_01_31_21_46_15_623.jpg,,,0,0,0,0.001019932
/Users/hyadava/git/udacity/project3/submission/IMG/center_2017_01_31_21_46_15_697.jpg,,,0,0,0,0.002407603
/Users/hyadava/git/udacity/project3/submission/IMG/center_2017_01_31_21_46_15_770.jpg,,,0,0,0,0.0009730714
/Users/hyadava/git/udacity/project3/submission/IMG/center_2017_01_31_21_46_15_841.jpg,,,0,0,0,0.001061348
/Users/hyadava/git/udacity/project3/submission/IMG/center_2017_01_31_21_46_15_909.jpg,,,0,0,0,0.001154822
/Users/hyadava/git/udacity/project3/submission/IMG/center_2017_01_31_21_46_15_982.jpg,,,0,0,0,0.001021514
/Users/hyadava/git/udacity/project3/submission/IMG/center_2017_01_31_21_46_16_051.jpg,,,0,0,0,0.001158502
/Users/hyadava/git/udacity/project3/submission/IMG/center_2017_01_31_21_46_16_118.jpg,,,0,0,0,0.0009486774
/Users/hyadava/git/udacity/project3/submission/IMG/center_2017_01_31_21_46_16_191.jpg,,,0,0,0,0.001218455
/Users/hyadava/git/udacity/project3/submission/IMG/center_2017_01_31_21_46_16_265.jpg,,,0,0,0,0.00213107
/Users/hyadava/git/udacity/project3/submission/IMG/center_2017_01_31_21_46_16_332.jpg,,,0,0,0,0.001005436
/Users/hyadava/git/udacity/project3/submission/IMG/center_2017_01_31_21_46_16_401.jpg,,,0,0,0,0.002109413
/Users/hyadava/git/udacity/project3/submission/IMG/center_2017_01_31_21_46_16_478.jpg,,,0,0,0,0.001092223
/Users/hyadava/git/udacity/project3/submission/IMG/center_2017_01_31_21_46_16_551.jpg,,,0,0,0,0.001046018
/Users/hyadava/git/udacity/project3/submission/IMG/center_2017_01_31_21_46_16_623.jpg,,,0,0,0,0.001125805
/Users/hyadava/git/udacity/project3/submission/IMG/center_2017_01_31_21_46_16_697.jpg,,,0,0,0,0.001031667
/Users/hyadava/git/udacity/project3/submission/IMG/center_2017_01_31_21_46_16_765.jpg,,,0,0,0,0.001108634
/Users/hyadava/git/udacity/project3/submission/IMG/center_2017_01_31_21_46_16_837.jpg,,,0,0,0,0.001017153
/Users/hyadava/git/udacity/project3/submission/IMG/center_2017_01_31_21_46_16_911.jpg,,,0,0,0,0.001187359
/Users/hyadava/git/udacity/project3/submission/IMG/center_2017_01_31_21_46_16_983.jpg,,,0,0,0,0.001208777
/Users/hyadava/git/udacity/project3/submission/IMG/center_2017_01_31_21_46_17_060.jpg,,,0,0,0,0.0009860615
/Users/hyadava/git/udacity/project3/submission/IMG/center_2017_01_31_21_46_17_134.jpg,,,0,0,0,0.001206646
/Users/hyadava/git/udacity/project3/submission/IMG/center_2017_01_31_21_46_17_204.jpg,,,0,0,0,0.001123402
/Users/hyadava/git/udacity/project3/submission/IMG/center_2017_01_31_21_46_17_279.jpg,,,0,0.227295,0,0.1079961
/Users/hyadava/git/udacity/project3/submission/IMG/center_2017_01_31_21_46_17_349.jpg,,,0,0.405972,0,0.4083513
/Users/hyadava/git/udacity/project3/submission/IMG/center_2017_01_31_21_46_17_421.jpg,,,0,0.208308,0,0.5651054
/Users/hyadava/git/udacity/project3/submission/IMG/center_2017_01_31_21_46_17_492.jpg,,,0,0,0,0.6315245
/Users/hyadava/git/udacity/project3/submission/IMG/center_2017_01_31_21_46_17_563.jpg,,,0,0,0,0.6087479
/Users/hyadava/git/udacity/project3/submission/IMG/center_2017_01_31_21_46_17_637.jpg,,,0,0,0,0.5790467
/Users/hyadava/git/udacity/project3/submission/IMG/center_2017_01_31_21_46_17_706.jpg,,,0,0,0,0.557122
/Users/hyadava/git/udacity/project3/submission/IMG/center_2017_01_31_21_46_17_782.jpg,,,0,0,0,0.5283495
/Users/hyadava/git/udacity/project3/submission/IMG/center_2017_01_31_21_46_17_851.jpg,,,0,0,0,0.5001093
/Users/hyadava/git/udacity/project3/submission/IMG/center_2017_01_31_21_46_17_924.jpg,,,0,0,0,0.4792797
/Users/hyadava/git/udacity/project3/submission/IMG/center_2017_01_31_21_46_17_996.jpg,,,0,0,0,0.4519616
/Users/hyadava/git/udacity/project3/submission/IMG/center_2017_01_31_21_46_18_064.jpg,,,0,0,0,0.4318187
/Users/hyadava/git/udacity/project3/submission/IMG/center_2017_01_31_21_46_18_137.jpg,,,0,0,0,0.4054197
/Users/hyadava/git/udacity/project3/submission/IMG/center_2017_01_31_21_46_18_204.jpg,,,0,0,0,0.385969
/Users/hyadava/git/udacity/project3/submission/IMG/center_2017_01_31_21_46_18_277.jpg,,,0,0,0,0.3604932
/Users/hyadava/git/udacity/project3/submission/IMG/center_2017_01_31_21_46_18_347.jpg,,,-0.06666667,0,0,0.3390379
/Users/hyadava/git/udacity/project3/submission/IMG/center_2017_01_31_21_46_18_420.jpg,,,-0.1166667,0,0,0.3277875
/Users/hyadava/git/udacity/project3/submission/IMG/center_2017_01_31_21_46_18_492.jpg,,,-0.1666667,0,0,0.3096254
/Users/hyadava/git/udacity/project3/submission/IMG/center_2017_01_31_21_46_18_562.jpg,,,-0.1666667,0,0,0.3009243
/Users/hyadava/git/udacity/project3/submission/IMG/center_2017_01_31_21_46_18_634.jpg,,,-0.2333333,0,0,0.2904781
/Users/hyadava/git/udacity/project3/submission/IMG/center_2017_01_31_21_46_18_704.jpg,,,-0.2333333,0,0,0.2857383
/Users/hyadava/git/udacity/project3/submission/IMG/center_2017_01_31_21_46_18_774.jpg,,,-0.2333333,0,0,0.279547
/Users/hyadava/git/udacity/project3/submission/IMG/center_2017_01_31_21_46_18_847.jpg,,,-0.2333333,0,0,0.2734743
/Users/hyadava/git/udacity/project3/submission/IMG/center_2017_01_31_21_46_18_917.jpg,,,-0.2333333,0,0,0.2688615
/Users/hyadava/git/udacity/project3/submission/IMG/center_2017_01_31_21_46_18_986.jpg,,,-0.2333333,0,0,0.0020215
/Users/hyadava/git/udacity/project3/submission/IMG/center_2017_01_31_21_46_19_056.jpg,,,-0.2333333,0,0,0.001024981
/Users/hyadava/git/udacity/project3/submission/IMG/center_2017_01_31_21_46_19_124.jpg,,,0,0,0,0.001541984
/Users/hyadava/git/udacity/project3/submission/IMG/center_2017_01_31_21_46_19_195.jpg,,,0,0,0,0.001919334
/Users/hyadava/git/udacity/project3/submission/IMG/center_2017_01_31_21_46_19_264.jpg,,,0,0,0,0.001669733
/Users/hyadava/git/udacity/project3/submission/IMG/center_2017_01_31_21_46_19_334.jpg,,,0,0,0,0.001288561
/Users/hyadava/git/udacity/project3/submission/IMG/center_2017_01_31_21_46_19_408.jpg,,,0,0,0,0.001040942
/Users/hyadava/git/udacity/project3/submission/IMG/center_2017_01_31_21_46_19_483.jpg,,,0,0,0,0.0009291879
/Users/hyadava/git/udacity/project3/submission/IMG/center_2017_01_31_21_46_19_552.jpg,,,0,0,0,0.0008788696
/Users/hyadava/git/udacity/project3/submission/IMG/center_2017_01_31_21_46_19_619.jpg,,,0,0,0,0.0008587614
/Users/hyadava/git/udacity/project3/submission/IMG/center_2017_01_31_21_46_19_693.jpg,,,0,0.1094971,0,0.06941428
/Users/hyadava/git/udacity/project3/submission/IMG/center_2017_01_31_21_46_19_764.jpg,,,0,0.2152412,0,0.1756426
/Users/hyadava/git/udacity/project3/submission/IMG/center_2017_01_31_21_46_19_838.jpg,,,0,0,0,0.2397477
/Users/hyadava/git/udacity/project3/submission/IMG/center_2017_01_31_21_46_19_905.jpg,,,0,0.04975802,0,0.234087
/Users/hyadava/git/udacity/project3/submission/IMG/center_2017_01_31_21_46_19_978.jpg,,,0,0.1912832,0,0.3853339
/Users/hyadava/git/udacity/project3/submission/IMG/center_2017_01_31_21_46_20_053.jpg,,,0,0,0,0.4023277
/Users/hyadava/git/udacity/project3/submission/IMG/center_2017_01_31_21_46_20_123.jpg,,,0,0.05246401,0,0.3861291
/Users/hyadava/git/udacity/project3/submission/IMG/center_2017_01_31_21_46_20_193.jpg,,,0,0,0,0.3929166
/Users/hyadava/git/udacity/project3/submission/IMG/center_2017_01_31_21_46_20_269.jpg,,,0,0.07696813,0,0.3874876
/Users/hyadava/git/udacity/project3/submission/IMG/center_2017_01_31_21_46_20_337.jpg,,,0,0.261108,0,0.504886
/Users/hyadava/git/udacity/project3/submission/IMG/center_2017_01_31_21_46_20_404.jpg,,,0,0.08019304,0,0.6267858
/Users/hyadava/git/udacity/project3/submission/IMG/center_2017_01_31_21_46_20_498.jpg,,,0,0.2207159,0,0.6917798
/Users/hyadava/git/udacity/project3/submission/IMG/center_2017_01_31_21_46_20_562.jpg,,,0,0.1180948,0,0.8129995
/Users/hyadava/git/udacity/project3/submission/IMG/center_2017_01_31_21_46_20_639.jpg,,,0,0.05360699,0,0.7910971
/Users/hyadava/git/udacity/project3/submission/IMG/center_2017_01_31_21_46_20_706.jpg,,,0,0.22425,0,0.8775413
/Users/hyadava/git/udacity/project3/submission/IMG/center_2017_01_31_21_46_20_779.jpg,,,0,0.3433322,0,1.207482
/Users/hyadava/git/udacity/project3/submission/IMG/center_2017_01_31_21_46_20_856.jpg,,,0,0.09375322,0,1.379173
/Users/hyadava/git/udacity/project3/submission/IMG/center_2017_01_31_21_46_20_924.jpg,,,0,0,0,1.358905
/Users/hyadava/git/udacity/project3/submission/IMG/center_2017_01_31_21_46_21_000.jpg,,,0,0,0,1.330658
/Users/hyadava/git/udacity/project3/submission/IMG/center_2017_01_31_21_46_21_068.jpg,,,0,0,0,1.302898
/Users/hyadava/git/udacity/project3/submission/IMG/center_2017_01_31_21_46_21_143.jpg,,,0,0,0,1.282409
/Users/hyadava/git/udacity/project3/submission/IMG/center_2017_01_31_21_46_21_212.jpg,,,0,0,0,1.255526
/Users/hyadava/git/udacity/project3/submission/IMG/center_2017_01_31_21_46_21_282.jpg,,,0,0,0,1.235692
/Users/hyadava/git/udacity/project3/submission/IMG/center_2017_01_31_21_46_21_353.jpg,,,0,0,0,1.209681
/Users/hyadava/git/udacity/project3/submission/IMG/center_2017_01_31_21_46_21_423.jpg,,,0,0,0,1.19049
/Users/hyadava/git/udacity/project3/submission/IMG/center_2017_01_31_21_46_21_490.jpg,,,0,0,0,1.165328
/Users/hyadava/git/udacity/project3/submission/IMG/center_2017_01_31_21_46_21_557.jpg,,,0,0,0,1.14678
/Users/hyadava/git/udacity/project3/submission/IMG/center_2017_01_31_21_46_21_626.jpg,,,0,0,0,1.127175
/Users/hyadava/git/udacity/project3/submission/IMG/center_2017_01_31_21_46_21_698.jpg,,,0,0,0,1.101495
/Users/hyadava/git/udacity/project3/submission/IMG/center_2017_01_31_21_46_21_777.jpg,,,0,0,0,1.076305
/Users/hyadava/git/udacity/project3/submission/IMG/center_2017_01_31_21_46_21_849.jpg,,,0,0,0,1.051602
/Users/hyadava/git/udacity/project3/submission/IMG/center_2017_01_31_21_46_21_923.jpg,,,-0.05,0,0,1.034843
/Users/hyadava/git/udacity/project3/submission/IMG/center_2017_01_31_21_46_22_001.jpg,,,-0.15,0,0,1.023244
/Users/hyadava/git/udacity/project3/submission/IMG/center_2017_01_31_21_46_22_070.jpg,,,-0.2166667,0,0,1.014815
/Users/hyadava/git/udacity/project3/submission/IMG/center_2017_01_31_21_46_22_139.jpg,,,-0.2666667,0,0,1.01246
/Users/hyadava/git/udacity/project3/submission/IMG/center_2017_01_31_21_46_22_226.jpg,,,-0.2666667,0,0,1.009427
/Users/hyadava/git/udacity/project3/submission/IMG/center_2017_01_31_21_46_22_297.jpg,,,-0.2666667,0,0,1.006907
/Users/hyadava/git/udacity/project3/submission/IMG/center_2017_01_31_21_46_22_372.jpg,,,-0.2666667,0,0,1.004912
/Users/hyadava/git/udacity/project3/submission/IMG/center_2017_01_31_21_46_22_440.jpg,,,-0.2666667,0,0,1.00375
/Users/hyadava/git/udacity/project3/submission/IMG/center_2017_01_31_21_46_22_509.jpg,,,-0.2666667,0,0,1.002644
/Users/hyadava/git/udacity/project3/submission/IMG/center_2017_01_31_21_46_22_581.jpg,,,-0.2666667,0,0,1.002136
/Users/hyadava/git/udacity/project3/submission/IMG/center_2017_01_31_21_46_22_655.jpg,,,-0.2666667,0,0,1.001902
/Users/hyadava/git/udacity/project3/submission/IMG/center_2017_01_31_21_46_22_729.jpg,,,-0.2666667,0,0,1.002146
/Users/hyadava/git/udacity/project3/submission/IMG/center_2017_01_31_21_46_22_798.jpg,,,-0.2666667,0,0,1.002636
/Users/hyadava/git/udacity/project3/submission/IMG/center_2017_01_31_21_46_22_873.jpg,,,-0.2666667,0,0,1.003685
/Users/hyadava/git/udacity/project3/submission/IMG/center_2017_01_31_21_46_22_948.jpg,,,-0.2666667,0,0,1.005182
/Users/hyadava/git/udacity/project3/submission/IMG/center_2017_01_31_21_46_23_023.jpg,,,-0.2666667,0,0,1.006589
/Users/hyadava/git/udacity/project3/submission/IMG/center_2017_01_31_21_46_23_097.jpg,,,-0.2666667,0,0,1.008842
/Users/hyadava/git/udacity/project3/submission/IMG/center_2017_01_31_21_46_23_170.jpg,,,-0.2666667,0,0,1.01151
/Users/hyadava/git/udacity/project3/submission/IMG/center_2017_01_31_21_46_23_241.jpg,,,-0.2666667,0,0,1.013779
/Users/hyadava/git/udacity/project3/submission/IMG/center_2017_01_31_21_46_23_313.jpg,,,-0.2666667,0,0,1.017157
/Users/hyadava/git/udacity/project3/submission/IMG/center_2017_01_31_21_46_23_383.jpg,,,-0.2666667,0,0,1.019944
/Users/hyadava/git/udacity/project3/submission/IMG/center_2017_01_31_21_46_23_455.jpg,,,-0.2666667,0,0,1.024
/Users/hyadava/git/udacity/project3/submission/IMG/center_2017_01_31_21_46_23_526.jpg,,,-0.2666667,0,0,1.027285
/Users/hyadava/git/udacity/project3/submission/IMG/center_2017_01_31_21_46_23_599.jpg,,,-0.2666667,0,0,1.031983
/Users/hyadava/git/udacity/project3/submission/IMG/center_2017_01_31_21_46_23_672.jpg,,,-0.3166667,0,0,1.039918
/Users/hyadava/git/udacity/project3/submission/IMG/center_2017_01_31_21_46_23_739.jpg,,,-0.3166667,0,0,1.046439
/Users/hyadava/git/udacity/project3/submission/IMG/center_2017_01_31_21_46_23_810.jpg,,,-0.3166667,0,0,1.0554
/Users/hyadava/git/udacity/project3/submission/IMG/center_2017_01_31_21_46_23_881.jpg,,,-0.3166667,0,0,1.062326
/Users/hyadava/git/udacity/project3/submission/IMG/center_2017_01_31_21_46_23_953.jpg,,,-0.3166667,0,0,1.07183
/Users/hyadava/git/udacity/project3/submission/IMG/center_2017_01_31_21_46_24_032.jpg,,,-0.3166667,0,0,1.081635
/Users/hyadava/git/udacity/project3/submission/IMG/center_2017_01_31_21_46_24_103.jpg,,,-0.3166667,0,0,1.07744
/Users/hyadava/git/udacity/project3/submission/IMG/center_2017_01_31_21_46_24_173.jpg,,,-0.3166667,0,0,1.071516
/Users/hyadava/git/udacity/project3/submission/IMG/center_2017_01_31_21_46_24_239.jpg,,,-0.3166667,0,0,1.067008
/Users/hyadava/git/udacity/project3/submission/IMG/center_2017_01_31_21_46_24_313.jpg,,,-0.3166667,0,0,1.06111
/Users/hyadava/git/udacity/project3/submission/IMG/center_2017_01_31_21_46_24_387.jpg,,,-0.3166667,0,0,1.055378
/Users/hyadava/git/udacity/project3/submission/IMG/center_2017_01_31_21_46_24_460.jpg,,,-0.3166667,0,0,1.051172
/Users/hyadava/git/udacity/project3/submission/IMG/center_2017_01_31_21_46_24_528.jpg,,,-0.3166667,0,0,1.045673
/Users/hyadava/git/udacity/project3/submission/IMG/center_2017_01_31_21_46_24_595.jpg,,,-0.3166667,0,0,1.041626
/Users/hyadava/git/udacity/project3/submission/IMG/center_2017_01_31_21_46_24_662.jpg,,,-0.3166667,0,0,1.037645
/Users/hyadava/git/udacity/project3/submission/IMG/center_2017_01_31_21_46_24_736.jpg,,,-0.3166667,0,0,1.032437
/Users/hyadava/git/udacity/project3/submission/IMG/center_2017_01_31_21_46_24_802.jpg,,,-0.3166667,0,0,1.028608
/Users/hyadava/git/udacity/project3/submission/IMG/center_2017_01_31_21_46_24_878.jpg,,,-0.3166667,0,0,1.023601
/Users/hyadava/git/udacity/project3/submission/IMG/center_2017_01_31_21_46_24_948.jpg,,,-0.3166667,0,0,1.018708
/Users/hyadava/git/udacity/project3/submission/IMG/center_2017_01_31_21_46_25_019.jpg,,,-0.3166667,0,0,1.015111
/Users/hyadava/git/udacity/project3/submission/IMG/center_2017_01_31_21_46_25_092.jpg,,,-0.3166667,0,0,1.010412
/Users/hyadava/git/udacity/project3/submission/IMG/center_2017_01_31_21_46_25_165.jpg,,,-0.3166667,0,0,1.00696
/Users/hyadava/git/udacity/project3/submission/IMG/center_2017_01_31_21_46_25_237.jpg,,,-0.3166667,0,0,1.002451
/Users/hyadava/git/udacity/project3/submission/IMG/center_2017_01_31_21_46_25_307.jpg,,,-0.3166667,0,0,0.9980501
/Users/hyadava/git/udacity/project3/submission/IMG/center_2017_01_31_21_46_25_380.jpg,,,-0.3166667,0,0,0.9948192
/Users/hyadava/git/udacity/project3/submission/IMG/center_2017_01_31_21_46_25_451.jpg,,,-0.3166667,0,0,0.9906036
/Users/hyadava/git/udacity/project3/submission/IMG/center_2017_01_31_21_46_25_522.jpg,,,-0.3166667,0,0,0.9875101
/Users/hyadava/git/udacity/project3/submission/IMG/center_2017_01_31_21_46_25_597.jpg,,,-0.3166667,0,0,0.9834759
/Users/hyadava/git/udacity/project3/submission/IMG/center_2017_01_31_21_46_25_667.jpg,,,-0.3166667,0,0,0.9795436
/Users/hyadava/git/udacity/project3/submission/IMG/center_2017_01_31_21_46_25_748.jpg,,,-0.3166667,0,0,0.9757124
/Users/hyadava/git/udacity/project3/submission/IMG/center_2017_01_31_21_46_25_817.jpg,,,-0.3166667,0,0,0.9729047
/Users/hyadava/git/udacity/project3/submission/IMG/center_2017_01_31_21_46_25_899.jpg,,,-0.3166667,0,0,0.9692476
/Users/hyadava/git/udacity/project3/submission/IMG/center_2017_01_31_21_46_25_967.jpg,,,-0.3166667,0,0,0.9656888
/Users/hyadava/git/udacity/project3/submission/IMG/center_2017_01_31_21_46_26_037.jpg,,,-0.3166667,0,0,0.9630834
/Users/hyadava/git/udacity/project3/submission/IMG/center_2017_01_31_21_46_26_118.jpg,,,-0.3166667,0,0,0.9596935
/Users/hyadava/git/udacity/project3/submission/IMG/center_2017_01_31_21_46_26_193.jpg,,,-0.3166667,0,0,0.9563988
/Users/hyadava/git/udacity/project3/submission/IMG/center_2017_01_31_21_46_26_264.jpg,,,-0.3166667,0,0,0.9539896
/Users/hyadava/git/udacity/project3/submission/IMG/center_2017_01_31_21_46_26_337.jpg,,,-0.3166667,0,0,0.9508591
/Users/hyadava/git/udacity/project3/submission/IMG/center_2017_01_31_21_46_26_409.jpg,,,-0.3166667,0,0,0.947821
/Users/hyadava/git/udacity/project3/submission/IMG/center_2017_01_31_21_46_26_480.jpg,,,-0.3166667,0,0,0.9456027
/Users/hyadava/git/udacity/project3/submission/IMG/center_2017_01_31_21_46_26_555.jpg,,,-0.3166667,0,0,0.9427239
/Users/hyadava/git/udacity/project3/submission/IMG/center_2017_01_31_21_46_26_623.jpg,,,-0.3166667,0,0,0.940624
/Users/hyadava/git/udacity/project3/submission/IMG/center_2017_01_31_21_46_26_696.jpg,,,-0.3166667,0,0,0.937902
/Users/hyadava/git/udacity/project3/submission/IMG/center_2017_01_31_21_46_26_768.jpg,,,-0.3166667,0,0,0.9352682
/Users/hyadava/git/udacity/project3/submission/IMG/center_2017_01_31_21_46_26_836.jpg,,,0,0,0,0.9281182
/Users/hyadava/git/udacity/project3/submission/IMG/center_2017_01_31_21_46_26_913.jpg,,,0,0,0,0.9223575
/Users/hyadava/git/udacity/project3/submission/IMG/center_2017_01_31_21_46_26_991.jpg,,,0,0,0,0.9168283
/Users/hyadava/git/udacity/project3/submission/IMG/center_2017_01_31_21_46_27_071.jpg,,,0,0,0,0.9113474
/Users/hyadava/git/udacity/project3/submission/IMG/center_2017_01_31_21_46_27_149.jpg,,,0,0,0,0.9059108
/Users/hyadava/git/udacity/project3/submission/IMG/center_2017_01_31_21_46_27_222.jpg,,,0,0,0,0.9018621
/Users/hyadava/git/udacity/project3/submission/IMG/center_2017_01_31_21_46_27_301.jpg,,,0,0,0,0.8965021
/Users/hyadava/git/udacity/project3/submission/IMG/center_2017_01_31_21_46_27_368.jpg,,,0,0,0,0.891185
/Users/hyadava/git/udacity/project3/submission/IMG/center_2017_01_31_21_46_27_435.jpg,,,0,0,0,0.8872256
/Users/hyadava/git/udacity/project3/submission/IMG/center_2017_01_31_21_46_27_515.jpg,,,0,0,0,0.8819838
/Users/hyadava/git/udacity/project3/submission/IMG/center_2017_01_31_21_46_27_587.jpg,,,0,0,0,0.8767841
/Users/hyadava/git/udacity/project3/submission/IMG/center_2017_01_31_21_46_27_659.jpg,,,0,0,0,0.872912
/Users/hyadava/git/udacity/project3/submission/IMG/center_2017_01_31_21_46_27_739.jpg,,,0,0,0,0.8677859
/Users/hyadava/git/udacity/project3/submission/IMG/center_2017_01_31_21_46_27_810.jpg,,,0,0,0,0.8627011
/Users/hyadava/git/udacity/project3/submission/IMG/center_2017_01_31_21_46_27_888.jpg,,,0,0,0,0.8576573
/Users/hyadava/git/udacity/project3/submission/IMG/center_2017_01_31_21_46_27_963.jpg,,,0,0,0,0.8539013
/Users/hyadava/git/udacity/project3/submission/IMG/center_2017_01_31_21_46_28_035.jpg,,,0,0,0,0.8489288
/Users/hyadava/git/udacity/project3/submission/IMG/center_2017_01_31_21_46_28_115.jpg,,,0,0,0,0.8439966
/Users/hyadava/git/udacity/project3/submission/IMG/center_2017_01_31_21_46_28_182.jpg,,,0,0,0,0.8403237
/Users/hyadava/git/udacity/project3/submission/IMG/center_2017_01_31_21_46_28_254.jpg,,,0,0,0,0.8354611
/Users/hyadava/git/udacity/project3/submission/IMG/center_2017_01_31_21_46_28_321.jpg,,,0,0,0,0.8318401
/Users/hyadava/git/udacity/project3/submission/IMG/center_2017_01_31_21_46_28_389.jpg,,,0,0,0,0.827046
/Users/hyadava/git/udacity/project3/submission/IMG/center_2017_01_31_21_46_28_469.jpg,,,0,0,0,0.8222905
/Users/hyadava/git/udacity/project3/submission/IMG/center_2017_01_31_21_46_28_540.jpg,,,0,0,0,0.8187493
/Users/hyadava/git/udacity/project3/submission/IMG/center_2017_01_31_21_46_28_619.jpg,,,0,0,0,0.8140611
/Users/hyadava/git/udacity/project3/submission/IMG/center_2017_01_31_21_46_31_183.jpg,,,0,0,0,0.7867165
/Users/hyadava/git/udacity/project3/submission/IMG/center_2017_01_31_21_46_31_251.jpg,,,0,0,0,0.7833911
/Users/hyadava/git/udacity/project3/submission/IMG/center_2017_01_31_21_46_31_321.jpg,,,0,0,0,0.7789885
/Users/hyadava/git/udacity/project3/submission/IMG/center_2017_01_31_21_46_31_393.jpg,,,0,0,0,0.77571
/Users/hyadava/git/udacity/project3/submission/IMG/center_2017_01_31_21_46_31_467.jpg,,,0,0,0,0.7713697
/Users/hyadava/git/udacity/project3/submission/IMG/center_2017_01_31_21_46_31_534.jpg,,,0,0,0,0.7681375
/Users/hyadava/git/udacity/project3/submission/IMG/center_2017_01_31_21_46_31_601.jpg,,,0,0,0,0.7638584
/Users/hyadava/git/udacity/project3/submission/IMG/center_2017_01_31_21_46_31_676.jpg,,,0,0,0,0.7606717
/Users/hyadava/git/udacity/project3/submission/IMG/center_2017_01_31_21_46_31_749.jpg,,,0,0,0,0.756453
/Users/hyadava/git/udacity/project3/submission/IMG/center_2017_01_31_21_46_31_822.jpg,,,0,0,0,0.7522686
/Users/hyadava/git/udacity/project3/submission/IMG/center_2017_01_31_21_46_31_893.jpg,,,0,0,0,0.7491524
/Users/hyadava/git/udacity/project3/submission/IMG/center_2017_01_31_21_46_31_962.jpg,,,0,0,0,0.7450269
/Users/hyadava/git/udacity/project3/submission/IMG/center_2017_01_31_21_46_32_030.jpg,,,0,0,0,0.7419549
/Users/hyadava/git/udacity/project3/submission/IMG/center_2017_01_31_21_46_32_105.jpg,,,0,0,0,0.7378874
/Users/hyadava/git/udacity/project3/submission/IMG/center_2017_01_31_21_46_32_172.jpg,,,0,0,0,0.7348586
/Users/hyadava/git/udacity/project3/submission/IMG/center_2017_01_31_21_46_32_295.jpg,,,0,0,0,0.7288561
/Users/hyadava/git/udacity/project3/submission/IMG/center_2017_01_31_21_46_46_756.jpg,,,0,0.4,0,26.13667
/Users/hyadava/git/udacity/project3/submission/IMG/center_2017_01_31_21_46_46_826.jpg,,,0,0.4,0,26.31294
/Users/hyadava/git/udacity/project3/submission/IMG/center_2017_01_31_21_46_46_900.jpg,,,0,0.4,0,26.48786
/Users/hyadava/git/udacity/project3/submission/IMG/center_2017_01_31_21_46_46_976.jpg,,,0,0.4,0,26.61881
/Users/hyadava/git/udacity/project3/submission/IMG/center_2017_01_31_21_46_47_055.jpg,,,0,0.4,0,26.79421
/Users/hyadava/git/udacity/project3/submission/IMG/center_2017_01_31_21_46_47_134.jpg,,,0,0.4,0,26.96681
/Users/hyadava/git/udacity/project3/submission/IMG/center_2017_01_31_21_46_47_209.jpg,,,0,0.4,0,27.13839
/Users/hyadava/git/udacity/project3/submission/IMG/center_2017_01_31_21_46_47_283.jpg,,,0,0.4,0,27.3108
/Users/hyadava/git/udacity/project3/submission/IMG/center_2017_01_31_21_46_47_363.jpg,,,0,0.4,0,27.48106
/Users/hyadava/git/udacity/project3/submission/IMG/center_2017_01_31_21_46_47_431.jpg,,,0,0.4,0,27.60739
/Users/hyadava/git/udacity/project3/submission/IMG/center_2017_01_31_21_46_47_508.jpg,,,0,0.4,0,27.77478
/Users/hyadava/git/udacity/project3/submission/IMG/center_2017_01_31_21_46_47_583.jpg,,,-0.1166667,0.4,0,27.9374
/Users/hyadava/git/udacity/project3/submission/IMG/center_2017_01_31_21_46_47_649.jpg,,,-0.15,0.4,0,28.04622
/Users/hyadava/git/udacity/project3/submission/IMG/center_2017_01_31_21_46_47_724.jpg,,,-0.3333334,0.4,0,28.14909
/Users/hyadava/git/udacity/project3/submission/IMG/center_2017_01_31_21_46_47_793.jpg,,,-0.3333334,0.4,0,28.22609
/Users/hyadava/git/udacity/project3/submission/IMG/center_2017_01_31_21_46_47_864.jpg,,,-0.3333334,0.4,0,28.34958
/Users/hyadava/git/udacity/project3/submission/IMG/center_2017_01_31_21_46_47_931.jpg,,,-0.3333334,0.4,0,28.45168
/Users/hyadava/git/udacity/project3/submission/IMG/center_2017_01_31_21_46_48_002.jpg,,,-0.3333334,0.4,0,28.59641
/Users/hyadava/git/udacity/project3/submission/IMG/center_2017_01_31_21_46_48_074.jpg,,,-0.3333334,0.4,0,28.70556
/Users/hyadava/git/udacity/project3/submission/IMG/center_2017_01_31_21_46_48_142.jpg,,,-0.3333334,0.4,0,28.85126
/Users/hyadava/git/udacity/project3/submission/IMG/center_2017_01_31_21_46_48_214.jpg,,,-0.3333334,0.4,0,28.95874
/Users/hyadava/git/udacity/project3/submission/IMG/center_2017_01_31_21_46_48_286.jpg,,,-0.3333334,0.4,0,29.10562
/Users/hyadava/git/udacity/project3/submission/IMG/center_2017_01_31_21_46_48_358.jpg,,,-0.3333334,0.4,0,29.21445
/Users/hyadava/git/udacity/project3/submission/IMG/center_2017_01_31_21_46_48_428.jpg,,,-0.3333334,0.4,0,29.3571
/Users/hyadava/git/udacity/project3/submission/IMG/center_2017_01_31_21_46_48_503.jpg,,,-0.3333334,0.4,0,29.49757
/Users/hyadava/git/udacity/project3/submission/IMG/center_2017_01_31_21_46_48_572.jpg,,,-0.3333334,0.4,0,29.60108
/Users/hyadava/git/udacity/project3/submission/IMG/center_2017_01_31_21_46_48_641.jpg,,,0,0.4,0,29.7103
/Users/hyadava/git/udacity/project3/submission/IMG/center_2017_01_31_21_46_48_710.jpg,,,0,0.4,0,29.81694
/Users/hyadava/git/udacity/project3/submission/IMG/center_2017_01_31_21_46_48_784.jpg,,,0,0.4,0,29.95978
/Users/hyadava/git/udacity/project3/submission/IMG/center_2017_01_31_21_46_48_855.jpg,,,0,0.4,0,30.03962
/Users/hyadava/git/udacity/project3/submission/IMG/center_2017_01_31_21_46_48_923.jpg,,,0,0.4,0,30.03869
/Users/hyadava/git/udacity/project3/submission/IMG/center_2017_01_31_21_46_48_990.jpg,,,0,0.4,0,30.03865
/Users/hyadava/git/udacity/project3/submission/IMG/center_2017_01_31_21_46_49_058.jpg,,,0,0.4,0,30.04071
/Users/hyadava/git/udacity/project3/submission/IMG/center_2017_01_31_21_46_49_125.jpg,,,0,0.4,0,30.03933
/Users/hyadava/git/udacity/project3/submission/IMG/center_2017_01_31_21_46_49_192.jpg,,,0,0.4,0,30.03919
/Users/hyadava/git/udacity/project3/submission/IMG/center_2017_01_31_21_46_49_267.jpg,,,0,0.4,0,30.03917
/Users/hyadava/git/udacity/project3/submission/IMG/center_2017_01_31_21_46_49_340.jpg,,,0,0.4,0,30.03917
/Users/hyadava/git/udacity/project3/submission/IMG/center_2017_01_31_21_46_49_413.jpg,,,0,0.4,0,30.03754
/Users/hyadava/git/udacity/project3/submission/IMG/center_2017_01_31_21_46_49_488.jpg,,,0,0.4,0,30.03855
/Users/hyadava/git/udacity/project3/submission/IMG/center_2017_01_31_21_46_49_554.jpg,,,0,0.4,0,30.03872
/Users/hyadava/git/udacity/project3/submission/IMG/center_2017_01_31_21_46_49_628.jpg,,,0.06666667,0.4,0,30.03662
/Users/hyadava/git/udacity/project3/submission/IMG/center_2017_01_31_21_46_49_700.jpg,,,0.06666667,0.4,0,30.03771
/Users/hyadava/git/udacity/project3/submission/IMG/center_2017_01_31_21_46_49_773.jpg,,,0.06666667,0.4,0,30.03797
/Users/hyadava/git/udacity/project3/submission/IMG/center_2017_01_31_21_46_49_843.jpg,,,-0.03333334,0.4,0,30.03692
/Users/hyadava/git/udacity/project3/submission/IMG/center_2017_01_31_21_46_49_914.jpg,,,-0.03333334,0.4,0,30.03782
/Users/hyadava/git/udacity/project3/submission/IMG/center_2017_01_31_21_46_49_985.jpg,,,-0.03333334,0.4,0,30.03811
/Users/hyadava/git/udacity/project3/submission/IMG/center_2017_01_31_21_46_50_062.jpg,,,0,0.4,0,30.03821
/Users/hyadava/git/udacity/project3/submission/IMG/center_2017_01_31_21_46_50_130.jpg,,,0,0.4,0,30.03838
/Users/hyadava/git/udacity/project3/submission/IMG/center_2017_01_31_21_46_50_201.jpg,,,0,0.4,0,30.03839
/Users/hyadava/git/udacity/project3/submission/IMG/center_2017_01_31_21_46_50_270.jpg,,,0,0.4,0,30.03837
/Users/hyadava/git/udacity/project3/submission/IMG/center_2017_01_31_21_46_50_344.jpg,,,0,0.4,0,30.03838
/Users/hyadava/git/udacity/project3/submission/IMG/center_2017_01_31_21_46_50_412.jpg,,,0,0.4,0,30.03837
/Users/hyadava/git/udacity/project3/submission/IMG/center_2017_01_31_21_46_50_483.jpg,,,0,0.4,0,30.03839
/Users/hyadava/git/udacity/project3/submission/IMG/center_2017_01_31_21_46_50_553.jpg,,,0,0.4,0,30.03821
/Users/hyadava/git/udacity/project3/submission/IMG/center_2017_01_31_21_46_50_625.jpg,,,0,0.4,0,30.03816
/Users/hyadava/git/udacity/project3/submission/IMG/center_2017_01_31_21_46_50_698.jpg,,,0,0.4,0,30.03822
/Users/hyadava/git/udacity/project3/submission/IMG/center_2017_01_31_21_46_50_769.jpg,,,0,0.4,0,30.03805
/Users/hyadava/git/udacity/project3/submission/IMG/center_2017_01_31_21_46_50_841.jpg,,,0,0.4,0,30.03807
/Users/hyadava/git/udacity/project3/submission/IMG/center_2017_01_31_21_46_50_910.jpg,,,0,0.4,0,30.03805
/Users/hyadava/git/udacity/project3/submission/IMG/center_2017_01_31_21_46_50_977.jpg,,,0,0.4,0,30.03841
/Users/hyadava/git/udacity/project3/submission/IMG/center_2017_01_31_21_46_51_046.jpg,,,0,0.4,0,30.03838
/Users/hyadava/git/udacity/project3/submission/IMG/center_2017_01_31_21_46_51_115.jpg,,,0,0.4,0,30.03835
/Users/hyadava/git/udacity/project3/submission/IMG/center_2017_01_31_21_46_58_257.jpg,,,0,0.4,0,30.0384
/Users/hyadava/git/udacity/project3/submission/IMG/center_2017_01_31_21_46_58_326.jpg,,,0,0.4,0,30.03839
/Users/hyadava/git/udacity/project3/submission/IMG/center_2017_01_31_21_46_58_398.jpg,,,0,0.4,0,30.0384
/Users/hyadava/git/udacity/project3/submission/IMG/center_2017_01_31_21_46_58_469.jpg,,,0,0.4,0,30.03823
/Users/hyadava/git/udacity/project3/submission/IMG/center_2017_01_31_21_46_58_549.jpg,,,0,0.4,0,30.03893
/Users/hyadava/git/udacity/project3/submission/IMG/center_2017_01_31_21_46_58_617.jpg,,,0,0.4,0,30.03876
/Users/hyadava/git/udacity/project3/submission/IMG/center_2017_01_31_21_46_58_684.jpg,,,0,0.4,0,30.03798
/Users/hyadava/git/udacity/project3/submission/IMG/center_2017_01_31_21_46_58_754.jpg,,,0,0.4,0,30.03917
/Users/hyadava/git/udacity/project3/submission/IMG/center_2017_01_31_21_46_58_824.jpg,,,0,0.4,0,30.03901
/Users/hyadava/git/udacity/project3/submission/IMG/center_2017_01_31_21_46_58_897.jpg,,,0,0.4,0,30.039
/Users/hyadava/git/udacity/project3/submission/IMG/center_2017_01_31_21_46_58_980.jpg,,,0,0.4,0,30.03899
/Users/hyadava/git/udacity/project3/submission/IMG/center_2017_01_31_21_46_59_065.jpg,,,0,0.4,0,30.03899
/Users/hyadava/git/udacity/project3/submission/IMG/center_2017_01_31_21_46_59_131.jpg,,,0.2166667,0.4,0,30.02387
/Users/hyadava/git/udacity/project3/submission/IMG/center_2017_01_31_21_46_59_200.jpg,,,0.2166667,0.4,0,30.03276
/Users/hyadava/git/udacity/project3/submission/IMG/center_2017_01_31_21_46_59_266.jpg,,,0.2166667,0.4,0,30.03537
/Users/hyadava/git/udacity/project3/submission/IMG/center_2017_01_31_21_46_59_339.jpg,,,0.2166667,0.4,0,30.03805
/Users/hyadava/git/udacity/project3/submission/IMG/center_2017_01_31_21_46_59_411.jpg,,,0.2166667,0.4,0,30.03704
/Users/hyadava/git/udacity/project3/submission/IMG/center_2017_01_31_21_46_59_491.jpg,,,0.2166667,0.4,0,30.03801
/Users/hyadava/git/udacity/project3/submission/IMG/center_2017_01_31_21_46_59_571.jpg,,,0.2166667,0.4,0,30.03782
/Users/hyadava/git/udacity/project3/submission/IMG/center_2017_01_31_21_46_59_639.jpg,,,0,0.4,0,30.03767
/Users/hyadava/git/udacity/project3/submission/IMG/center_2017_01_31_21_46_59_711.jpg,,,0,0.4,0,30.03741
/Users/hyadava/git/udacity/project3/submission/IMG/center_2017_01_31_21_46_59_792.jpg,,,0,0.4,0,30.03907
/Users/hyadava/git/udacity/project3/submission/IMG/center_2017_01_31_21_46_59_862.jpg,,,0,0.4,0,30.039
/Users/hyadava/git/udacity/project3/submission/IMG/center_2017_01_31_21_46_59_930.jpg,,,0,0.4,0,30.03864
/Users/hyadava/git/udacity/project3/submission/IMG/center_2017_01_31_21_47_00_001.jpg,,,0,0.4,0,30.03888
/Users/hyadava/git/udacity/project3/submission/IMG/center_2017_01_31_21_47_00_083.jpg,,,0,0.4,0,30.03811
/Users/hyadava/git/udacity/project3/submission/IMG/center_2017_01_31_21_47_00_153.jpg,,,0,0.4,0,30.03829
/Users/hyadava/git/udacity/project3/submission/IMG/center_2017_01_31_21_47_00_221.jpg,,,0,0.4,0,30.03838
/Users/hyadava/git/udacity/project3/submission/IMG/center_2017_01_31_21_47_00_290.jpg,,,0,0.4,0,30.0364
/Users/hyadava/git/udacity/project3/submission/IMG/center_2017_01_31_21_47_00_371.jpg,,,0,0.4,0,30.03741
/Users/hyadava/git/udacity/project3/submission/IMG/center_2017_01_31_21_47_00_442.jpg,,,0,0.4,0,30.03742
/Users/hyadava/git/udacity/project3/submission/IMG/center_2017_01_31_21_47_00_509.jpg,,,-0.08333334,0.4,0,30.03474
/Users/hyadava/git/udacity/project3/submission/IMG/center_2017_01_31_21_47_00_577.jpg,,,-0.3333334,0.4,0,30.01254
/Users/hyadava/git/udacity/project3/submission/IMG/center_2017_01_31_21_47_00_646.jpg,,,-0.3333334,0.4,0,30.01808
/Users/hyadava/git/udacity/project3/submission/IMG/center_2017_01_31_21_47_00_713.jpg,,,-0.3333334,0.4,0,30.02609
/Users/hyadava/git/udacity/project3/submission/IMG/center_2017_01_31_21_47_00_783.jpg,,,-0.3333334,0.4,0,30.03028
/Users/hyadava/git/udacity/project3/submission/IMG/center_2017_01_31_21_47_00_857.jpg,,,-0.3333334,0.4,0,30.03521
/Users/hyadava/git/udacity/project3/submission/IMG/center_2017_01_31_21_47_00_948.jpg,,,-0.3333334,0.4,0,30.03389
/Users/hyadava/git/udacity/project3/submission/IMG/center_2017_01_31_21_47_01_023.jpg,,,-0.3333334,0.4,0,30.03508
/Users/hyadava/git/udacity/project3/submission/IMG/center_2017_01_31_21_47_01_099.jpg,,,-0.3333334,0.4,0,30.03604
/Users/hyadava/git/udacity/project3/submission/IMG/center_2017_01_31_21_47_01_171.jpg,,,-0.3333334,0.4,0,30.03665
/Users/hyadava/git/udacity/project3/submission/IMG/center_2017_01_31_21_47_01_249.jpg,,,-0.3333334,0.4,0,30.03736
/Users/hyadava/git/udacity/project3/submission/IMG/center_2017_01_31_21_47_01_319.jpg,,,-0.3333334,0.4,0,30.0381
/Users/hyadava/git/udacity/project3/submission/IMG/center_2017_01_31_21_47_01_390.jpg,,,-0.3333334,0.4,0,30.03787
/Users/hyadava/git/udacity/project3/submission/IMG/center_2017_01_31_21_47_01_461.jpg,,,-0.3333334,0.4,0,30.03988
/Users/hyadava/git/udacity/project3/submission/IMG/center_2017_01_31_21_47_01_530.jpg,,,-0.3333334,0.4,0,30.03769
/Users/hyadava/git/udacity/project3/submission/IMG/center_2017_01_31_21_47_01_597.jpg,,,-0.3333334,0.4,0,30.03772
/Users/hyadava/git/udacity/project3/submission/IMG/center_2017_01_31_21_47_01_667.jpg,,,-0.3333334,0.4,0,30.03637
/Users/hyadava/git/udacity/project3/submission/IMG/center_2017_01_31_21_47_01_738.jpg,,,0.06666667,0.4,0,30.01713
/Users/hyadava/git/udacity/project3/submission/IMG/center_2017_01_31_21_47_01_805.jpg,,,0,0.4,0,30.03866
/Users/hyadava/git/udacity/project3/submission/IMG/center_2017_01_31_21_47_01_881.jpg,,,0,0.4,0,30.03835
/Users/hyadava/git/udacity/project3/submission/IMG/center_2017_01_31_21_47_01_951.jpg,,,0,0.4,0,30.03894
/Users/hyadava/git/udacity/project3/submission/IMG/center_2017_01_31_21_47_02_024.jpg,,,0,0.4,0,30.0389
/Users/hyadava/git/udacity/project3/submission/IMG/center_2017_01_31_21_47_02_092.jpg,,,0,0.4,0,30.03805
/Users/hyadava/git/udacity/project3/submission/IMG/center_2017_01_31_21_47_02_163.jpg,,,0,0.4,0,30.03909
/Users/hyadava/git/udacity/project3/submission/IMG/center_2017_01_31_21_47_02_232.jpg,,,0,0.4,0,30.03713
/Users/hyadava/git/udacity/project3/submission/IMG/center_2017_01_31_21_47_02_302.jpg,,,0,0.4,0,30.0374
/Users/hyadava/git/udacity/project3/submission/IMG/center_2017_01_31_21_47_02_371.jpg,,,0,0.4,0,30.03743
/Users/hyadava/git/udacity/project3/submission/IMG/center_2017_01_31_21_47_02_441.jpg,,,0,0.4,0,30.03649
/Users/hyadava/git/udacity/project3/submission/IMG/center_2017_01_31_21_47_02_511.jpg,,,0,0.4,0,30.03414
/Users/hyadava/git/udacity/project3/submission/IMG/center_2017_01_31_21_47_02_579.jpg,,,0,0.4,0,30.0343
/Users/hyadava/git/udacity/project3/submission/IMG/center_2017_01_31_21_47_02_646.jpg,,,0,0.4,0,30.03491
/Users/hyadava/git/udacity/project3/submission/IMG/center_2017_01_31_21_47_02_717.jpg,,,0.25,0.4,0,29.59539
/Users/hyadava/git/udacity/project3/submission/IMG/center_2017_01_31_21_47_02_784.jpg,,,0.5833333,0.4,0,29.60176
/Users/hyadava/git/udacity/project3/submission/IMG/center_2017_01_31_21_47_02_854.jpg,,,0.5833333,0.4,0,29.31899
/Users/hyadava/git/udacity/project3/submission/IMG/center_2017_01_31_21_47_02_927.jpg,,,0.5833333,0.4,0,29.43287
/Users/hyadava/git/udacity/project3/submission/IMG/center_2017_01_31_21_47_03_019.jpg,,,0.5833333,0.4,0,29.55578
/Users/hyadava/git/udacity/project3/submission/IMG/center_2017_01_31_21_47_03_087.jpg,,,0.5833333,0.4,0,29.1034
/Users/hyadava/git/udacity/project3/submission/IMG/center_2017_01_31_21_47_03_156.jpg,,,0.5833333,0.4,0,29.49705
/Users/hyadava/git/udacity/project3/submission/IMG/center_2017_01_31_21_47_03_229.jpg,,,0.5833333,0.4,0,29.42112
/Users/hyadava/git/udacity/project3/submission/IMG/center_2017_01_31_21_47_03_304.jpg,,,0.5833333,0.4,0,29.38565
/Users/hyadava/git/udacity/project3/submission/IMG/center_2017_01_31_21_47_03_383.jpg,,,0.5833333,0.4,0,28.44421
/Users/hyadava/git/udacity/project3/submission/IMG/center_2017_01_31_21_47_03_461.jpg,,,0.5833333,0.4,0,28.01379
/Users/hyadava/git/udacity/project3/submission/IMG/center_2017_01_31_21_47_03_531.jpg,,,0.5833333,0.4,0,27.99891
/Users/hyadava/git/udacity/project3/submission/IMG/center_2017_01_31_21_47_03_603.jpg,,,0.5833333,0.4,0,27.93819
/Users/hyadava/git/udacity/project3/submission/IMG/center_2017_01_31_21_47_03_677.jpg,,,0.5833333,0.4,0,28.04701
/Users/hyadava/git/udacity/project3/submission/IMG/center_2017_01_31_21_47_03_755.jpg,,,0,0.4,0,28.28231
/Users/hyadava/git/udacity/project3/submission/IMG/center_2017_01_31_21_47_03_829.jpg,,,0,0.4,0,28.78579
/Users/hyadava/git/udacity/project3/submission/IMG/center_2017_01_31_21_47_03_903.jpg,,,0,0.4,0,28.78908
/Users/hyadava/git/udacity/project3/submission/IMG/center_2017_01_31_21_47_03_972.jpg,,,0,0.4,0,28.87589
/Users/hyadava/git/udacity/project3/submission/IMG/center_2017_01_31_21_47_04_046.jpg,,,0,0.4,0,29.04004
/Users/hyadava/git/udacity/project3/submission/IMG/center_2017_01_31_21_47_04_114.jpg,,,0,0.4,0,29.15984
/Users/hyadava/git/udacity/project3/submission/IMG/center_2017_01_31_21_47_04_182.jpg,,,-0.08333334,0.4,0,29.31157
/Users/hyadava/git/udacity/project3/submission/IMG/center_2017_01_31_21_47_04_262.jpg,,,-0.25,0.4,0,29.43369
/Users/hyadava/git/udacity/project3/submission/IMG/center_2017_01_31_21_47_04_343.jpg,,,-0.3333334,0.4,0,29.51802
/Users/hyadava/git/udacity/project3/submission/IMG/center_2017_01_31_21_47_04_413.jpg,,,-0.3333334,0.4,0,29.59029
/Users/hyadava/git/udacity/project3/submission/IMG/center_2017_01_31_21_47_04_480.jpg,,,-0.3333334,0.4,0,29.70237
/Users/hyadava/git/udacity/project3/submission/IMG/center_2017_01_31_21_47_04_557.jpg,,,-0.3333334,0.4,0,29.826
/Users/hyadava/git/udacity/project3/submission/IMG/center_2017_01_31_21_47_04_631.jpg,,,-0.3333334,0.4,0,29.92324
/Users/hyadava/git/udacity/project3/submission/IMG/center_2017_01_31_21_47_04_703.jpg,,,-0.8833334,0.4,0,29.96597
/Users/hyadava/git/udacity/project3/submission/IMG/center_2017_01_31_21_47_04_783.jpg,,,-0.8833334,0.4,0,29.71662
/Users/hyadava/git/udacity/project3/submission/IMG/center_2017_01_31_21_47_04_853.jpg,,,-0.8833334,0.4,0,29.58565
/Users/hyadava/git/udacity/project3/submission/IMG/center_2017_01_31_21_47_04_922.jpg,,,-0.8833334,0.4,0,29.50083
/Users/hyadava/git/udacity/project3/submission/IMG/center_2017_01_31_21_47_04_990.jpg,,,-0.8833334,0.4,0,29.48811
/Users/hyadava/git/udacity/project3/submission/IMG/center_2017_01_31_21_47_05_057.jpg,,,-0.8833334,0.4,0,29.51279
/Users/hyadava/git/udacity/project3/submission/IMG/center_2017_01_31_21_47_05_130.jpg,,,-0.8833334,0.4,0,29.54991
/Users/hyadava/git/udacity/project3/submission/IMG/center_2017_01_31_21_47_05_203.jpg,,,0,0.4,0,29.59109
/Users/hyadava/git/udacity/project3/submission/IMG/center_2017_01_31_21_47_05_270.jpg,,,0,0.4,0,29.64895
/Users/hyadava/git/udacity/project3/submission/IMG/center_2017_01_31_21_47_05_344.jpg,,,0,0.4,0,29.75092
/Users/hyadava/git/udacity/project3/submission/IMG/center_2017_01_31_21_47_05_418.jpg,,,0,0.4,0,29.88478
/Users/hyadava/git/udacity/project3/submission/IMG/center_2017_01_31_21_47_05_487.jpg,,,-0.08333334,0.4,0,29.99096
/Users/hyadava/git/udacity/project3/submission/IMG/center_2017_01_31_21_47_05_561.jpg,,,0.15,0.4,0,30.02531
/Users/hyadava/git/udacity/project3/submission/IMG/center_2017_01_31_21_47_05_628.jpg,,,0.8,0.4,0,29.83231
/Users/hyadava/git/udacity/project3/submission/IMG/center_2017_01_31_21_47_05_699.jpg,,,1,0.4,0,29.49741
/Users/hyadava/git/udacity/project3/submission/IMG/center_2017_01_31_21_47_05_772.jpg,,,1,0.4,0,28.88414
/Users/hyadava/git/udacity/project3/submission/IMG/center_2017_01_31_21_47_05_849.jpg,,,1,0.4,0,28.3979
/Users/hyadava/git/udacity/project3/submission/IMG/center_2017_01_31_21_47_05_916.jpg,,,1,0.4,0,28.00104
/Users/hyadava/git/udacity/project3/submission/IMG/center_2017_01_31_21_47_05_990.jpg,,,1,0.4,0,28.01116
/Users/hyadava/git/udacity/project3/submission/IMG/center_2017_01_31_21_47_06_060.jpg,,,1,0.4,0,28.18601
/Users/hyadava/git/udacity/project3/submission/IMG/center_2017_01_31_21_47_06_132.jpg,,,1,0.4,0,28.0535
/Users/hyadava/git/udacity/project3/submission/IMG/center_2017_01_31_21_47_06_200.jpg,,,1,0.4,0,27.66912
/Users/hyadava/git/udacity/project3/submission/IMG/center_2017_01_31_21_47_06_271.jpg,,,1,0.4,0,27.60986
/Users/hyadava/git/udacity/project3/submission/IMG/center_2017_01_31_21_47_06_346.jpg,,,1,0.4,0,27.56363
/Users/hyadava/git/udacity/project3/submission/IMG/center_2017_01_31_21_47_06_433.jpg,,,1,0.4,0,27.45479
/Users/hyadava/git/udacity/project3/submission/IMG/center_2017_01_31_21_47_06_500.jpg,,,1,0.4,0,27.4926
/Users/hyadava/git/udacity/project3/submission/IMG/center_2017_01_31_21_47_06_573.jpg,,,0,0.4,0,26.42142
/Users/hyadava/git/udacity/project3/submission/IMG/center_2017_01_31_21_47_06_640.jpg,,,0,0.4,0,26.5789
/Users/hyadava/git/udacity/project3/submission/IMG/center_2017_01_31_21_47_06_712.jpg,,,0,0.4,0,27.00218
/Users/hyadava/git/udacity/project3/submission/IMG/center_2017_01_31_21_47_06_785.jpg,,,0,0.4,0,27.09114
/Users/hyadava/git/udacity/project3/submission/IMG/center_2017_01_31_21_47_06_859.jpg,,,0,0.4,0,27.25016
/Users/hyadava/git/udacity/project3/submission/IMG/center_2017_01_31_21_47_06_930.jpg,,,0,0.4,0,27.37707
/Users/hyadava/git/udacity/project3/submission/IMG/center_2017_01_31_21_47_07_003.jpg,,,0,0.4,0,27.54836
/Users/hyadava/git/udacity/project3/submission/IMG/center_2017_01_31_21_47_07_070.jpg,,,0,0.4,0,27.67587
/Users/hyadava/git/udacity/project3/submission/IMG/center_2017_01_31_21_47_07_145.jpg,,,0,0.4,0,27.83929
/Users/hyadava/git/udacity/project3/submission/IMG/center_2017_01_31_21_47_07_222.jpg,,,0,0.4,0,27.99865
/Users/hyadava/git/udacity/project3/submission/IMG/center_2017_01_31_21_47_07_292.jpg,,,0,0.4,0,28.11808
/Users/hyadava/git/udacity/project3/submission/IMG/center_2017_01_31_21_47_07_370.jpg,,,0,0.4,0,28.2763
/Users/hyadava/git/udacity/project3/submission/IMG/center_2017_01_31_21_47_07_443.jpg,,,0,0.4,0,28.42608
/Users/hyadava/git/udacity/project3/submission/IMG/center_2017_01_31_21_47_07_510.jpg,,,0,0.4,0,28.53283
/Users/hyadava/git/udacity/project3/submission/IMG/center_2017_01_31_21_47_07_579.jpg,,,0,0.4,0,28.58662
/Users/hyadava/git/udacity/project3/submission/IMG/center_2017_01_31_21_47_07_651.jpg,,,0,0.4,0,28.1732
/Users/hyadava/git/udacity/project3/submission/IMG/center_2017_01_31_21_47_07_723.jpg,,,0,0.4,0,28.26215
/Users/hyadava/git/udacity/project3/submission/IMG/center_2017_01_31_21_47_07_795.jpg,,,0,0.4,0,28.09916
/Users/hyadava/git/udacity/project3/submission/IMG/center_2017_01_31_21_47_07_869.jpg,,,0,0.4,0,28.2608
/Users/hyadava/git/udacity/project3/submission/IMG/center_2017_01_31_21_47_07_940.jpg,,,0,0.4,0,27.49828
/Users/hyadava/git/udacity/project3/submission/IMG/center_2017_01_31_21_47_08_009.jpg,,,0,0.4,0,27.38051
/Users/hyadava/git/udacity/project3/submission/IMG/center_2017_01_31_21_47_08_081.jpg,,,0,0.4,0,27.18908
/Users/hyadava/git/udacity/project3/submission/IMG/center_2017_01_31_21_47_08_153.jpg,,,0,0.4,0,27.13856
/Users/hyadava/git/udacity/project3/submission/IMG/center_2017_01_31_21_47_08_224.jpg,,,0,0.4,0,27.04786
/Users/hyadava/git/udacity/project3/submission/IMG/center_2017_01_31_21_47_08_294.jpg,,,0,0.4,0,27.40938
/Users/hyadava/git/udacity/project3/submission/IMG/center_2017_01_31_21_47_08_366.jpg,,,0,0.4,0,27.61735
/Users/hyadava/git/udacity/project3/submission/IMG/center_2017_01_31_21_47_08_440.jpg,,,0,0.4,0,28.58757
/Users/hyadava/git/udacity/project3/submission/IMG/center_2017_01_31_21_47_08_512.jpg,,,0,0.4,0,28.36399
/Users/hyadava/git/udacity/project3/submission/IMG/center_2017_01_31_21_47_08_584.jpg,,,0,0.4,0,28.65632
/Users/hyadava/git/udacity/project3/submission/IMG/center_2017_01_31_21_47_08_652.jpg,,,0,0.4,0,28.77624
/Users/hyadava/git/udacity/project3/submission/IMG/center_2017_01_31_21_47_08_724.jpg,,,0,0.4,0,28.93421
/Users/hyadava/git/udacity/project3/submission/IMG/center_2017_01_31_21_56_43_061.jpg,,,0,0,0,9.218563E-05
/Users/hyadava/git/udacity/project3/submission/IMG/center_2017_01_31_21_56_43_131.jpg,,,0,0,0,9.104096E-05
/Users/hyadava/git/udacity/project3/submission/IMG/center_2017_01_31_21_56_43_210.jpg,,,0,0,0,9.134161E-05
/Users/hyadava/git/udacity/project3/submission/IMG/center_2017_01_31_21_56_43_284.jpg,,,0,0,0,9.117721E-05
/Users/hyadava/git/udacity/project3/submission/IMG/center_2017_01_31_21_56_43_355.jpg,,,0,0,0,9.266644E-05
/Users/hyadava/git/udacity/project3/submission/IMG/center_2017_01_31_21_56_43_423.jpg,,,0,0,0,9.159807E-05
/Users/hyadava/git/udacity/project3/submission/IMG/center_2017_01_31_21_56_43_493.jpg,,,0,0,0,9.197715E-05
/Users/hyadava/git/udacity/project3/submission/IMG/center_2017_01_31_21_56_43_561.jpg,,,0,0,0,9.177194E-05
/Users/hyadava/git/udacity/project3/submission/IMG/center_2017_01_31_21_56_43_635.jpg,,,0,0,0,9.160594E-05
/Users/hyadava/git/udacity/project3/submission/IMG/center_2017_01_31_21_56_43_711.jpg,,,0,0,0,9.124134E-05
/Users/hyadava/git/udacity/project3/submission/IMG/center_2017_01_31_21_56_43_781.jpg,,,0,0,0,9.155904E-05
/Users/hyadava/git/udacity/project3/submission/IMG/center_2017_01_31_21_56_43_848.jpg,,,0,0,0,9.156098E-05
/Users/hyadava/git/udacity/project3/submission/IMG/center_2017_01_31_21_56_43_916.jpg,,,0,0,0,9.157576E-05
/Users/hyadava/git/udacity/project3/submission/IMG/center_2017_01_31_21_56_43_984.jpg,,,0,0,0,9.151242E-05
/Users/hyadava/git/udacity/project3/submission/IMG/center_2017_01_31_21_56_44_051.jpg,,,0,0,0,9.11862E-05
/Users/hyadava/git/udacity/project3/submission/IMG/center_2017_01_31_21_56_44_121.jpg,,,0,0,0,9.201696E-05
/Users/hyadava/git/udacity/project3/submission/IMG/center_2017_01_31_21_56_44_190.jpg,,,0,0,0,9.181999E-05
/Users/hyadava/git/udacity/project3/submission/IMG/center_2017_01_31_21_56_44_262.jpg,,,0,0,0,9.158582E-05
/Users/hyadava/git/udacity/project3/submission/IMG/center_2017_01_31_21_56_44_333.jpg,,,0,0,0,9.12637E-05
/Users/hyadava/git/udacity/project3/submission/IMG/center_2017_01_31_21_56_44_405.jpg,,,0,0,0,9.103408E-05
/Users/hyadava/git/udacity/project3/submission/IMG/center_2017_01_31_21_56_44_485.jpg,,,0,0,0,9.094785E-05
/Users/hyadava/git/udacity/project3/submission/IMG/center_2017_01_31_21_56_44_554.jpg,,,0,0,0,9.138508E-05
/Users/hyadava/git/udacity/project3/submission/IMG/center_2017_01_31_21_56_44_631.jpg,,,0,0,0,9.171492E-05
/Users/hyadava/git/udacity/project3/submission/IMG/center_2017_01_31_21_56_44_701.jpg,,,0,0,0,9.224778E-05
/Users/hyadava/git/udacity/project3/submission/IMG/center_2017_01_31_21_56_44_770.jpg,,,0,0,0,9.155427E-05
/Users/hyadava/git/udacity/project3/submission/IMG/center_2017_01_31_21_56_44_846.jpg,,,0,0,0,9.126509E-05
/Users/hyadava/git/udacity/project3/submission/IMG/center_2017_01_31_21_56_44_914.jpg,,,0,0,0,9.127524E-05
/Users/hyadava/git/udacity/project3/submission/IMG/center_2017_01_31_21_56_44_982.jpg,,,0,0,0,9.128016E-05
/Users/hyadava/git/udacity/project3/submission/IMG/center_2017_01_31_21_56_45_050.jpg,,,0,0,0,9.128261E-05
/Users/hyadava/git/udacity/project3/submission/IMG/center_2017_01_31_21_56_45_121.jpg,,,0,0,0,9.122647E-05
/Users/hyadava/git/udacity/project3/submission/IMG/center_2017_01_31_21_56_45_191.jpg,,,0,0,0,9.224862E-05
/Users/hyadava/git/udacity/project3/submission/IMG/center_2017_01_31_21_57_43_451.jpg,,,0,0,0,0.002501502
/Users/hyadava/git/udacity/project3/submission/IMG/center_2017_01_31_21_57_43_521.jpg,,,0,0,0,0.006056846
/Users/hyadava/git/udacity/project3/submission/IMG/center_2017_01_31_21_57_43_592.jpg,,,0,0,0,0.003105288
/Users/hyadava/git/udacity/project3/submission/IMG/center_2017_01_31_21_57_43_658.jpg,,,0,0,0,0.001804069
/Users/hyadava/git/udacity/project3/submission/IMG/center_2017_01_31_21_57_43_726.jpg,,,0,0,0,0.003549269
/Users/hyadava/git/udacity/project3/submission/IMG/center_2017_01_31_21_57_43_798.jpg,,,0,0,0,0.001790783
/Users/hyadava/git/udacity/project3/submission/IMG/center_2017_01_31_21_57_43_871.jpg,,,0,0,0,0.006033594
/Users/hyadava/git/udacity/project3/submission/IMG/center_2017_01_31_21_57_43_945.jpg,,,0,0,0,0.003135651
/Users/hyadava/git/udacity/project3/submission/IMG/center_2017_01_31_21_57_44_014.jpg,,,0,0,0,0.001801185
/Users/hyadava/git/udacity/project3/submission/IMG/center_2017_01_31_21_57_44_081.jpg,,,0,0,0,0.003044893
/Users/hyadava/git/udacity/project3/submission/IMG/center_2017_01_31_21_57_44_166.jpg,,,0,0,0,0.002495854
/Users/hyadava/git/udacity/project3/submission/IMG/center_2017_01_31_21_57_44_235.jpg,,,0,0,0,0.005980313
/Users/hyadava/git/udacity/project3/submission/IMG/center_2017_01_31_21_57_44_321.jpg,,,0,0,0,0.003130697
/Users/hyadava/git/udacity/project3/submission/IMG/center_2017_01_31_21_57_44_394.jpg,,,0,0,0,0.001815118
/Users/hyadava/git/udacity/project3/submission/IMG/center_2017_01_31_21_57_44_462.jpg,,,0,0,0,0.003520306
/Users/hyadava/git/udacity/project3/submission/IMG/center_2017_01_31_21_57_44_532.jpg,,,0,0,0,0.002445744
/Users/hyadava/git/udacity/project3/submission/IMG/center_2017_01_31_21_57_44_603.jpg,,,0,0,0,0.006054316
/Users/hyadava/git/udacity/project3/submission/IMG/center_2017_01_31_21_57_44_676.jpg,,,0,0,0,0.003086048
/Users/hyadava/git/udacity/project3/submission/IMG/center_2017_01_31_21_57_44_750.jpg,,,0,0,0,0.001785234
/Users/hyadava/git/udacity/project3/submission/IMG/center_2017_01_31_21_57_44_818.jpg,,,0,0,0,0.003534964
/Users/hyadava/git/udacity/project3/submission/IMG/center_2017_01_31_21_57_44_893.jpg,,,0,0,0,0.001636386
